Entity,Code,Year,Gini coefficient
Albania,ALB,1996,0.27010342
Albania,ALB,2002,0.3173898
Albania,ALB,2005,0.30595654
Albania,ALB,2008,0.2998467
Albania,ALB,2012,0.28960484
Albania,ALB,2014,0.34598896
Albania,ALB,2015,0.32753733
Albania,ALB,2016,0.33736297
Albania,ALB,2017,0.33055663
Albania,ALB,2018,0.30148283
Albania,ALB,2019,0.30115768
Albania,ALB,2020,0.2941963
Algeria,DZA,1988,0.40194908
Algeria,DZA,1995,0.35330054
Algeria,DZA,2011,0.27615732
Angola,AGO,2000,0.5195689
Angola,AGO,2008,0.42715514
Angola,AGO,2018,0.5127211
Argentina (urban),,1980,0.4083086
Argentina (urban),,1986,0.42808887
Argentina (urban),,1987,0.45276365
Argentina (urban),,1991,0.4676174
Argentina (urban),,1992,0.45468092
Argentina (urban),,1993,0.44856286
Argentina (urban),,1994,0.45916805
Argentina (urban),,1995,0.48904404
Argentina (urban),,1996,0.4952443
Argentina (urban),,1997,0.49110475
Argentina (urban),,1998,0.50733644
Argentina (urban),,1999,0.49792042
Argentina (urban),,2000,0.51063955
Argentina (urban),,2001,0.53343105
Argentina (urban),,2002,0.5379376
Argentina (urban),,2003,0.5089716
Argentina (urban),,2004,0.48377034
Argentina (urban),,2005,0.47707355
Argentina (urban),,2006,0.4634608
Argentina (urban),,2007,0.46173558
Argentina (urban),,2008,0.4487679
Argentina (urban),,2009,0.43654197
Argentina (urban),,2010,0.43583217
Argentina (urban),,2011,0.42645282
Argentina (urban),,2012,0.41326198
Argentina (urban),,2013,0.40945444
Argentina (urban),,2014,0.4163279
Argentina (urban),,2016,0.42032528
Argentina (urban),,2017,0.4113449
Argentina (urban),,2018,0.413425
Argentina (urban),,2019,0.4290585
Argentina (urban),,2020,0.42343357
Argentina (urban),,2021,0.42005128
Armenia,ARM,1996,0.44418624
Armenia,ARM,1999,0.36219725
Armenia,ARM,2001,0.3536436
Armenia,ARM,2002,0.34779674
Armenia,ARM,2003,0.33028087
Armenia,ARM,2004,0.37505633
Armenia,ARM,2005,0.35992354
Armenia,ARM,2006,0.29709986
Armenia,ARM,2007,0.31226057
Armenia,ARM,2008,0.2918814
Armenia,ARM,2009,0.2801588
Armenia,ARM,2010,0.29992583
Armenia,ARM,2011,0.29352945
Armenia,ARM,2012,0.29602262
Armenia,ARM,2013,0.30579662
Armenia,ARM,2014,0.3148329
Armenia,ARM,2015,0.32356772
Armenia,ARM,2016,0.32547948
Armenia,ARM,2017,0.3362184
Armenia,ARM,2018,0.344335
Armenia,ARM,2019,0.30031213
Armenia,ARM,2020,0.25131604
Armenia,ARM,2021,0.2794013
Australia,AUS,1981,0.31325787
Australia,AUS,1985,0.32497686
Australia,AUS,1989,0.33153835
Australia,AUS,1995,0.3258199
Australia,AUS,2001,0.33464798
Australia,AUS,2003,0.33500516
Australia,AUS,2004,0.3305741
Australia,AUS,2008,0.3542851
Australia,AUS,2010,0.34656727
Australia,AUS,2014,0.34399432
Australia,AUS,2016,0.3368581
Australia,AUS,2018,0.34333763
Austria,AUT,1994,0.3082802
Austria,AUT,1995,0.29914328
Austria,AUT,1996,0.29317808
Austria,AUT,1997,0.29065368
Austria,AUT,1998,0.31340772
Austria,AUT,1999,0.2967054
Austria,AUT,2000,0.28964692
Austria,AUT,2003,0.29466078
Austria,AUT,2004,0.2978899
Austria,AUT,2005,0.28715435
Austria,AUT,2006,0.29587582
Austria,AUT,2007,0.30579996
Austria,AUT,2008,0.30437386
Austria,AUT,2009,0.31496233
Austria,AUT,2010,0.30252263
Austria,AUT,2011,0.3080167
Austria,AUT,2012,0.30476317
Austria,AUT,2013,0.30753133
Austria,AUT,2014,0.30535683
Austria,AUT,2015,0.30532774
Austria,AUT,2016,0.30797073
Austria,AUT,2017,0.29737586
Austria,AUT,2018,0.3084879
Austria,AUT,2019,0.30211553
Austria,AUT,2020,0.29801792
Azerbaijan,AZE,1995,0.34650284
Azerbaijan,AZE,2001,0.36454937
Azerbaijan,AZE,2002,0.25277665
Azerbaijan,AZE,2003,0.2683288
Azerbaijan,AZE,2004,0.26621592
Azerbaijan,AZE,2005,0.26554906
Bangladesh,BGD,1983,0.2587649
Bangladesh,BGD,1985,0.26917496
Bangladesh,BGD,1988,0.28846547
Bangladesh,BGD,1991,0.27570805
Bangladesh,BGD,1995,0.32942984
Bangladesh,BGD,2000,0.33406532
Bangladesh,BGD,2005,0.33201292
Bangladesh,BGD,2010,0.3213032
Bangladesh,BGD,2016,0.32385272
Bangladesh,BGD,2022,0.3176719
Belarus,BLR,1993,0.2160372
Belarus,BLR,1995,0.2876173
Belarus,BLR,1998,0.3201835
Belarus,BLR,1999,0.31738147
Belarus,BLR,2000,0.31167483
Belarus,BLR,2001,0.30576724
Belarus,BLR,2002,0.30336243
Belarus,BLR,2003,0.28821012
Belarus,BLR,2004,0.26479885
Belarus,BLR,2005,0.2755341
Belarus,BLR,2006,0.28275442
Belarus,BLR,2007,0.2961238
Belarus,BLR,2008,0.27826044
Belarus,BLR,2009,0.27689305
Belarus,BLR,2010,0.285666
Belarus,BLR,2011,0.2715255
Belarus,BLR,2012,0.26526198
Belarus,BLR,2013,0.26575053
Belarus,BLR,2014,0.27176666
Belarus,BLR,2015,0.25633225
Belarus,BLR,2016,0.25306615
Belarus,BLR,2017,0.2544457
Belarus,BLR,2018,0.25240526
Belarus,BLR,2019,0.25277847
Belarus,BLR,2020,0.24383356
Belgium,BEL,1985,0.2520385
Belgium,BEL,1988,0.25714684
Belgium,BEL,1992,0.24951877
Belgium,BEL,1995,0.28412268
Belgium,BEL,1997,0.26832563
Belgium,BEL,2000,0.3313756
Belgium,BEL,2003,0.28143948
Belgium,BEL,2004,0.30541503
Belgium,BEL,2005,0.2933733
Belgium,BEL,2006,0.28054497
Belgium,BEL,2007,0.29237974
Belgium,BEL,2008,0.2837401
Belgium,BEL,2009,0.2855135
Belgium,BEL,2010,0.2837519
Belgium,BEL,2011,0.28060696
Belgium,BEL,2012,0.27491096
Belgium,BEL,2013,0.276692
Belgium,BEL,2014,0.28134146
Belgium,BEL,2015,0.27729464
Belgium,BEL,2016,0.27580982
Belgium,BEL,2017,0.27387968
Belgium,BEL,2018,0.27214414
Belgium,BEL,2019,0.27219802
Belgium,BEL,2020,0.2595833
Belize,BLZ,1993,0.60253984
Belize,BLZ,1994,0.6090843
Belize,BLZ,1995,0.5755428
Belize,BLZ,1996,0.56593686
Belize,BLZ,1997,0.6042532
Belize,BLZ,1998,0.5490603
Belize,BLZ,1999,0.53262764
Benin,BEN,2003,0.385782
Benin,BEN,2011,0.43439707
Benin,BEN,2015,0.47755915
Benin,BEN,2018,0.37948644
Bhutan,BTN,2003,0.40898
Bhutan,BTN,2007,0.3809077
Bhutan,BTN,2012,0.38809326
Bhutan,BTN,2017,0.3744141
Bhutan,BTN,2022,0.2845992
Bolivia,BOL,1997,0.5816443
Bolivia,BOL,1999,0.58097047
Bolivia,BOL,2000,0.61639917
Bolivia,BOL,2001,0.57398796
Bolivia,BOL,2002,0.5931104
Bolivia,BOL,2004,0.5500987
Bolivia,BOL,2005,0.58527935
Bolivia,BOL,2006,0.5666768
Bolivia,BOL,2007,0.5453707
Bolivia,BOL,2008,0.5081608
Bolivia,BOL,2009,0.49222964
Bolivia,BOL,2011,0.46080953
Bolivia,BOL,2012,0.46581927
Bolivia,BOL,2013,0.47589034
Bolivia,BOL,2014,0.47830656
Bolivia,BOL,2015,0.46732494
Bolivia,BOL,2016,0.45244002
Bolivia,BOL,2017,0.44618952
Bolivia,BOL,2018,0.42579758
Bolivia,BOL,2019,0.41644758
Bolivia,BOL,2020,0.43645486
Bolivia,BOL,2021,0.40913323
Bolivia (urban),,1990,0.42035723
Bolivia (urban),,1992,0.49110052
Bosnia and Herzegovina,BIH,2001,0.2996645
Bosnia and Herzegovina,BIH,2004,0.3403749
Bosnia and Herzegovina,BIH,2007,0.33061588
Bosnia and Herzegovina,BIH,2011,0.33030185
Botswana,BWA,1985,0.54212105
Botswana,BWA,1993,0.6079065
Botswana,BWA,2002,0.64731306
Botswana,BWA,2009,0.6045905
Botswana,BWA,2015,0.5332503
Brazil,BRA,1981,0.5793085
Brazil,BRA,1982,0.58417106
Brazil,BRA,1983,0.5898801
Brazil,BRA,1984,0.58376044
Brazil,BRA,1985,0.5558679
Brazil,BRA,1986,0.5846461
Brazil,BRA,1987,0.5969279
Brazil,BRA,1988,0.61428356
Brazil,BRA,1989,0.63295126
Brazil,BRA,1990,0.6048727
Brazil,BRA,1992,0.5317296
Brazil,BRA,1993,0.60118824
Brazil,BRA,1995,0.5956972
Brazil,BRA,1996,0.59888905
Brazil,BRA,1997,0.5979966
Brazil,BRA,1998,0.5960723
Brazil,BRA,1999,0.58991593
Brazil,BRA,2001,0.58413327
Brazil,BRA,2002,0.5811364
Brazil,BRA,2003,0.5756279
Brazil,BRA,2004,0.5647875
Brazil,BRA,2005,0.563163
Brazil,BRA,2006,0.5564732
Brazil,BRA,2007,0.5492774
Brazil,BRA,2008,0.5404328
Brazil,BRA,2009,0.5368723
Brazil,BRA,2011,0.5294759
Brazil,BRA,2012,0.53439856
Brazil,BRA,2013,0.5268654
Brazil,BRA,2014,0.5203314
Brazil,BRA,2015,0.51930827
Brazil,BRA,2016,0.53342843
Brazil,BRA,2017,0.5333405
Brazil,BRA,2018,0.53870946
Brazil,BRA,2019,0.5348577
Brazil,BRA,2020,0.4888038
Brazil,BRA,2021,0.52916694
Bulgaria,BGR,1989,0.23427184
Bulgaria,BGR,1992,0.3071431
Bulgaria,BGR,1994,0.2432197
Bulgaria,BGR,1995,0.32772338
Bulgaria,BGR,1997,0.2637824
Bulgaria,BGR,2001,0.32682163
Bulgaria,BGR,2003,0.28917906
Bulgaria,BGR,2006,0.35702574
Bulgaria,BGR,2007,0.28136343
Bulgaria,BGR,2008,0.33573127
Bulgaria,BGR,2009,0.33823198
Bulgaria,BGR,2010,0.35653573
Bulgaria,BGR,2011,0.34278607
Bulgaria,BGR,2012,0.36013922
Bulgaria,BGR,2013,0.36573645
Bulgaria,BGR,2014,0.37418568
Bulgaria,BGR,2015,0.38567346
Bulgaria,BGR,2016,0.40591064
Bulgaria,BGR,2017,0.40379047
Bulgaria,BGR,2018,0.412841
Bulgaria,BGR,2019,0.40271384
Bulgaria,BGR,2020,0.40523154
Burkina Faso,BFA,1994,0.48072493
Burkina Faso,BFA,1998,0.4994397
Burkina Faso,BFA,2003,0.43252513
Burkina Faso,BFA,2009,0.39762238
Burkina Faso,BFA,2014,0.35301226
Burkina Faso,BFA,2018,0.43016732
Burundi,BDI,1992,0.3333381
Burundi,BDI,1998,0.42316526
Burundi,BDI,2006,0.33359864
Burundi,BDI,2013,0.3862482
Cameroon,CMR,1996,0.44446757
Cameroon,CMR,2001,0.42136794
Cameroon,CMR,2007,0.42820063
Cameroon,CMR,2014,0.46640873
Canada,CAN,1971,0.37257144
Canada,CAN,1973,0.3491035
Canada,CAN,1975,0.34094694
Canada,CAN,1977,0.3373513
Canada,CAN,1979,0.3347417
Canada,CAN,1981,0.32966557
Canada,CAN,1982,0.32932413
Canada,CAN,1984,0.33520237
Canada,CAN,1985,0.33176625
Canada,CAN,1986,0.31680998
Canada,CAN,1987,0.31655663
Canada,CAN,1988,0.31201127
Canada,CAN,1989,0.3101912
Canada,CAN,1990,0.3137178
Canada,CAN,1991,0.31950226
Canada,CAN,1992,0.31567687
Canada,CAN,1993,0.31682763
Canada,CAN,1994,0.31308895
Canada,CAN,1995,0.31513026
Canada,CAN,1996,0.32768053
Canada,CAN,1997,0.33116943
Canada,CAN,1998,0.33217245
Canada,CAN,1999,0.33060935
Canada,CAN,2000,0.33418295
Canada,CAN,2001,0.33554783
Canada,CAN,2002,0.3356031
Canada,CAN,2003,0.33809465
Canada,CAN,2004,0.33776483
Canada,CAN,2005,0.33621806
Canada,CAN,2006,0.3409054
Canada,CAN,2007,0.33841008
Canada,CAN,2008,0.33930567
Canada,CAN,2009,0.33952153
Canada,CAN,2010,0.33592603
Canada,CAN,2011,0.32657078
Canada,CAN,2012,0.33539012
Canada,CAN,2013,0.3379898
Canada,CAN,2014,0.33157605
Canada,CAN,2015,0.33746484
Canada,CAN,2016,0.32701823
Canada,CAN,2017,0.33308205
Canada,CAN,2018,0.3250927
Canada,CAN,2019,0.31749648
Cape Verde,CPV,2001,0.524963
Cape Verde,CPV,2007,0.47187388
Cape Verde,CPV,2015,0.42381087
Central African Republic,CAF,1992,0.6133075
Central African Republic,CAF,2008,0.56236607
Central African Republic,CAF,2021,0.43046424
Chad,TCD,2003,0.3982457
Chad,TCD,2011,0.43321213
Chad,TCD,2018,0.37499154
Chile,CHL,1987,0.5621016
Chile,CHL,1990,0.572491
Chile,CHL,1992,0.5481449
Chile,CHL,1994,0.56433594
Chile,CHL,1996,0.5487368
Chile,CHL,1998,0.55522066
Chile,CHL,2000,0.5277201
Chile,CHL,2003,0.51489866
Chile,CHL,2006,0.47294816
Chile,CHL,2009,0.4699122
Chile,CHL,2011,0.4604835
Chile,CHL,2013,0.45831105
Chile,CHL,2015,0.44371328
Chile,CHL,2017,0.4444103
Chile,CHL,2020,0.4492094
China,CHN,1981,0.28164098
China,CHN,1984,0.271023
China,CHN,1987,0.29385957
China,CHN,1990,0.3222662
China,CHN,1993,0.338778
China,CHN,1996,0.3522766
China,CHN,1999,0.38703215
China,CHN,2002,0.41985723
China,CHN,2005,0.40900767
China,CHN,2008,0.4296504
China,CHN,2010,0.43744954
China,CHN,2011,0.42409223
China,CHN,2012,0.42237166
China,CHN,2013,0.397364
China,CHN,2014,0.39177653
China,CHN,2015,0.38595304
China,CHN,2016,0.38480517
China,CHN,2017,0.39075777
China,CHN,2018,0.38497642
China,CHN,2019,0.38168344
China,CHN,2020,0.37090832
China (rural),,1981,0.24729232
China (rural),,1984,0.2668613
China (rural),,1987,0.29451063
China (rural),,1990,0.3057347
China (rural),,1993,0.32126462
China (rural),,1996,0.3362044
China (rural),,1999,0.35389417
China (rural),,2002,0.38019353
China (rural),,2005,0.35849202
China (rural),,2008,0.3939905
China (rural),,2010,0.40607888
China (rural),,2011,0.38497448
China (rural),,2012,0.39497346
China (rural),,2013,0.33971012
China (rural),,2014,0.3375639
China (rural),,2015,0.33242807
China (rural),,2016,0.33179837
China (rural),,2017,0.34255987
China (rural),,2018,0.33541566
China (rural),,2019,0.3267486
China (rural),,2020,0.31574252
China (urban),,1981,0.18461858
China (urban),,1984,0.17791979
China (urban),,1987,0.20199354
China (urban),,1990,0.2559464
China (urban),,1993,0.2846636
China (urban),,1996,0.29089227
China (urban),,1999,0.31547564
China (urban),,2002,0.33461
China (urban),,2005,0.34798706
China (urban),,2008,0.35154307
China (urban),,2010,0.35744524
China (urban),,2011,0.35559225
China (urban),,2012,0.3535335
China (urban),,2013,0.3668623
China (urban),,2014,0.36429673
China (urban),,2015,0.36156222
China (urban),,2016,0.36124825
China (urban),,2017,0.3694193
China (urban),,2018,0.36906132
China (urban),,2019,0.37052557
China (urban),,2020,0.36667654
Colombia,COL,1992,0.51453674
Colombia,COL,1996,0.5693691
Colombia,COL,1999,0.587396
Colombia,COL,2000,0.58682895
Colombia,COL,2001,0.5748304
Colombia,COL,2002,0.560189
Colombia,COL,2003,0.5358648
Colombia,COL,2004,0.54981047
Colombia,COL,2005,0.53913337
Colombia,COL,2008,0.55323243
Colombia,COL,2009,0.54296416
Colombia,COL,2010,0.54625475
Colombia,COL,2011,0.53490293
Colombia,COL,2012,0.5264548
Colombia,COL,2013,0.52632636
Colombia,COL,2014,0.52551013
Colombia,COL,2015,0.5099042
Colombia,COL,2016,0.5057068
Colombia,COL,2017,0.49715486
Colombia,COL,2018,0.50418705
Colombia,COL,2019,0.5133497
Colombia,COL,2020,0.5353081
Colombia,COL,2021,0.5149927
Colombia (urban),,1980,0.5912673
Colombia (urban),,1988,0.5310625
Colombia (urban),,1989,0.5359247
Colombia (urban),,1991,0.5131891
Comoros,COM,2004,0.5592516
Comoros,COM,2014,0.45334595
Congo,COG,2005,0.4733054
Congo,COG,2011,0.4893867
Costa Rica,CRI,1981,0.47494763
Costa Rica,CRI,1986,0.34424046
Costa Rica,CRI,1989,0.4557076
Costa Rica,CRI,1990,0.45301545
Costa Rica,CRI,1991,0.4664785
Costa Rica,CRI,1992,0.45712397
Costa Rica,CRI,1993,0.46003163
Costa Rica,CRI,1994,0.46752408
Costa Rica,CRI,1995,0.45712686
Costa Rica,CRI,1996,0.46541741
Costa Rica,CRI,1997,0.45617115
Costa Rica,CRI,1998,0.45667222
Costa Rica,CRI,1999,0.47665334
Costa Rica,CRI,2000,0.47449473
Costa Rica,CRI,2001,0.51515067
Costa Rica,CRI,2002,0.5182363
Costa Rica,CRI,2003,0.493087
Costa Rica,CRI,2004,0.48423937
Costa Rica,CRI,2005,0.47513703
Costa Rica,CRI,2006,0.49285266
Costa Rica,CRI,2007,0.493143
Costa Rica,CRI,2008,0.4864548
Costa Rica,CRI,2009,0.5056012
Costa Rica,CRI,2010,0.4804597
Costa Rica,CRI,2011,0.48762167
Costa Rica,CRI,2012,0.4841903
Costa Rica,CRI,2013,0.4915247
Costa Rica,CRI,2014,0.48634195
Costa Rica,CRI,2015,0.4837614
Costa Rica,CRI,2016,0.48706067
Costa Rica,CRI,2017,0.4834654
Costa Rica,CRI,2018,0.47972405
Costa Rica,CRI,2019,0.48191166
Costa Rica,CRI,2020,0.49248964
Costa Rica,CRI,2021,0.4867917
Costa Rica,CRI,2022,0.47152537
Cote d'Ivoire,CIV,1985,0.4552627
Cote d'Ivoire,CIV,1986,0.37969762
Cote d'Ivoire,CIV,1987,0.405101
Cote d'Ivoire,CIV,1988,0.36886287
Cote d'Ivoire,CIV,1992,0.39385766
Cote d'Ivoire,CIV,1995,0.40563822
Cote d'Ivoire,CIV,1998,0.38959962
Cote d'Ivoire,CIV,2002,0.4134004
Cote d'Ivoire,CIV,2008,0.43183732
Cote d'Ivoire,CIV,2015,0.414748
Cote d'Ivoire,CIV,2018,0.37168875
Croatia,HRV,1998,0.2874836
Croatia,HRV,1999,0.27706942
Croatia,HRV,2000,0.31325644
Croatia,HRV,2001,0.31102163
Croatia,HRV,2004,0.29677406
Croatia,HRV,2008,0.33708772
Croatia,HRV,2009,0.33183348
Croatia,HRV,2010,0.273541
Croatia,HRV,2011,0.32257435
Croatia,HRV,2012,0.3247515
Croatia,HRV,2013,0.31995484
Croatia,HRV,2014,0.32107148
Croatia,HRV,2015,0.31115314
Croatia,HRV,2016,0.30899724
Croatia,HRV,2017,0.30354577
Croatia,HRV,2018,0.29729474
Croatia,HRV,2019,0.2890909
Croatia,HRV,2020,0.29544285
Cyprus,CYP,2004,0.30089402
Cyprus,CYP,2005,0.30259457
Cyprus,CYP,2006,0.31125963
Cyprus,CYP,2007,0.31113273
Cyprus,CYP,2008,0.3170866
Cyprus,CYP,2009,0.32108846
Cyprus,CYP,2010,0.31457928
Cyprus,CYP,2011,0.32625523
Cyprus,CYP,2012,0.34312433
Cyprus,CYP,2013,0.37041992
Cyprus,CYP,2014,0.35565653
Cyprus,CYP,2015,0.33966377
Cyprus,CYP,2016,0.32891795
Cyprus,CYP,2017,0.31416234
Cyprus,CYP,2018,0.3273986
Cyprus,CYP,2019,0.31224227
Cyprus,CYP,2020,0.31727943
Czechia,CZE,1992,0.20703283
Czechia,CZE,1993,0.26604792
Czechia,CZE,1996,0.2579901
Czechia,CZE,2002,0.26555094
Czechia,CZE,2004,0.2753318
Czechia,CZE,2005,0.26946044
Czechia,CZE,2006,0.26744154
Czechia,CZE,2007,0.2599869
Czechia,CZE,2008,0.26280272
Czechia,CZE,2009,0.26156676
Czechia,CZE,2010,0.26623514
Czechia,CZE,2011,0.26381344
Czechia,CZE,2012,0.26110017
Czechia,CZE,2013,0.26473904
Czechia,CZE,2014,0.25923222
Czechia,CZE,2015,0.25867432
Czechia,CZE,2016,0.25406334
Czechia,CZE,2017,0.2485221
Czechia,CZE,2018,0.24990341
Czechia,CZE,2019,0.25262198
Czechia,CZE,2020,0.26245132
Democratic Republic of Congo,COD,2004,0.4216363
Democratic Republic of Congo,COD,2012,0.42099708
Denmark,DNK,1987,0.2623504
Denmark,DNK,1992,0.24693811
Denmark,DNK,1995,0.22955896
Denmark,DNK,2000,0.2376632
Denmark,DNK,2003,0.25631672
Denmark,DNK,2004,0.24912797
Denmark,DNK,2005,0.2518689
Denmark,DNK,2006,0.25913078
Denmark,DNK,2007,0.26184258
Denmark,DNK,2008,0.252465
Denmark,DNK,2009,0.2670156
Denmark,DNK,2010,0.2719856
Denmark,DNK,2011,0.27311745
Denmark,DNK,2012,0.2779075
Denmark,DNK,2013,0.28543764
Denmark,DNK,2014,0.2835288
Denmark,DNK,2015,0.28177446
Denmark,DNK,2016,0.28187442
Denmark,DNK,2017,0.28746662
Denmark,DNK,2018,0.28166336
Denmark,DNK,2019,0.27723646
Denmark,DNK,2020,0.27504268
Djibouti,DJI,2002,0.3999784
Djibouti,DJI,2012,0.45134252
Djibouti,DJI,2013,0.44127074
Djibouti,DJI,2017,0.4158799
Dominican Republic,DOM,1986,0.47780797
Dominican Republic,DOM,1989,0.50457865
Dominican Republic,DOM,1992,0.5135976
Dominican Republic,DOM,1996,0.4743444
Dominican Republic,DOM,1997,0.4892386
Dominican Republic,DOM,2000,0.515212
Dominican Republic,DOM,2001,0.49999225
Dominican Republic,DOM,2002,0.49677518
Dominican Republic,DOM,2003,0.5212729
Dominican Republic,DOM,2004,0.52056205
Dominican Republic,DOM,2005,0.4996821
Dominican Republic,DOM,2006,0.519631
Dominican Republic,DOM,2007,0.48859373
Dominican Republic,DOM,2008,0.48109168
Dominican Republic,DOM,2009,0.48875841
Dominican Republic,DOM,2010,0.473266
Dominican Republic,DOM,2011,0.47706905
Dominican Republic,DOM,2012,0.46133754
Dominican Republic,DOM,2013,0.47656393
Dominican Republic,DOM,2014,0.4428003
Dominican Republic,DOM,2015,0.45181635
Dominican Republic,DOM,2016,0.45723918
Dominican Republic,DOM,2017,0.42195615
Dominican Republic,DOM,2018,0.4368666
Dominican Republic,DOM,2019,0.41918564
Dominican Republic,DOM,2020,0.39631972
Dominican Republic,DOM,2021,0.38529852
East Timor,TLS,2001,0.35935292
East Timor,TLS,2007,0.27823317
East Timor,TLS,2014,0.28652927
Ecuador,ECU,1994,0.5336896
Ecuador,ECU,1999,0.58601993
Ecuador,ECU,2000,0.5637852
Ecuador,ECU,2003,0.5352869
Ecuador,ECU,2004,0.53931993
Ecuador,ECU,2005,0.5305848
Ecuador,ECU,2006,0.52251405
Ecuador,ECU,2007,0.5336345
Ecuador,ECU,2008,0.4979347
Ecuador,ECU,2009,0.4850599
Ecuador,ECU,2010,0.48804435
Ecuador,ECU,2011,0.4587748
Ecuador,ECU,2012,0.46112326
Ecuador,ECU,2013,0.46864903
Ecuador,ECU,2014,0.4499505
Ecuador,ECU,2015,0.45954296
Ecuador,ECU,2016,0.45020068
Ecuador,ECU,2017,0.4467303
Ecuador,ECU,2018,0.45440298
Ecuador,ECU,2019,0.45711532
Ecuador,ECU,2020,0.47311273
Ecuador,ECU,2021,0.4580044
Ecuador,ECU,2022,0.45466313
Ecuador (urban),,1987,0.50491965
Ecuador (urban),,1995,0.5096507
Ecuador (urban),,1998,0.4965703
Egypt,EGY,1990,0.32003942
Egypt,EGY,1995,0.3012696
Egypt,EGY,1999,0.32761502
Egypt,EGY,2004,0.31847546
Egypt,EGY,2008,0.31102437
Egypt,EGY,2010,0.30191457
Egypt,EGY,2012,0.28292203
Egypt,EGY,2015,0.31823358
Egypt,EGY,2017,0.31533954
Egypt,EGY,2019,0.31893557
El Salvador,SLV,1991,0.53951895
El Salvador,SLV,1995,0.49879736
El Salvador,SLV,1996,0.5098218
El Salvador,SLV,1998,0.54515713
El Salvador,SLV,1999,0.5219769
El Salvador,SLV,2000,0.5147437
El Salvador,SLV,2001,0.5137044
El Salvador,SLV,2002,0.5187049
El Salvador,SLV,2003,0.5049769
El Salvador,SLV,2004,0.47819686
El Salvador,SLV,2005,0.48484933
El Salvador,SLV,2006,0.4569256
El Salvador,SLV,2007,0.45217994
El Salvador,SLV,2008,0.46885678
El Salvador,SLV,2009,0.45825085
El Salvador,SLV,2010,0.4351413
El Salvador,SLV,2011,0.4231836
El Salvador,SLV,2012,0.41829276
El Salvador,SLV,2013,0.43358964
El Salvador,SLV,2014,0.41559842
El Salvador,SLV,2015,0.40551943
El Salvador,SLV,2016,0.3997858
El Salvador,SLV,2017,0.38007188
El Salvador,SLV,2018,0.38610572
El Salvador,SLV,2019,0.38778764
El Salvador,SLV,2021,0.39012462
El Salvador,SLV,2022,0.38757578
Estonia,EST,1993,0.3950345
Estonia,EST,1995,0.30064794
Estonia,EST,1998,0.37643075
Estonia,EST,2000,0.357844
Estonia,EST,2001,0.36012456
Estonia,EST,2002,0.35791573
Estonia,EST,2003,0.34909624
Estonia,EST,2004,0.35378188
Estonia,EST,2005,0.33448943
Estonia,EST,2006,0.33671072
Estonia,EST,2007,0.31180158
Estonia,EST,2008,0.31917077
Estonia,EST,2009,0.3144361
Estonia,EST,2010,0.320012
Estonia,EST,2011,0.32491633
Estonia,EST,2012,0.3291576
Estonia,EST,2013,0.35079786
Estonia,EST,2014,0.34591556
Estonia,EST,2015,0.3267033
Estonia,EST,2016,0.31196827
Estonia,EST,2017,0.30355027
Estonia,EST,2018,0.30321452
Estonia,EST,2019,0.30767542
Estonia,EST,2020,0.30737874
Eswatini,SWZ,1994,0.60454726
Eswatini,SWZ,2000,0.5311352
Eswatini,SWZ,2009,0.51452607
Eswatini,SWZ,2016,0.54579794
Ethiopia,ETH,1995,0.44564512
Ethiopia,ETH,1999,0.29975796
Ethiopia,ETH,2004,0.29806852
Ethiopia,ETH,2010,0.33170602
Ethiopia,ETH,2015,0.34993124
Ethiopia (rural),,1981,0.32424957
Fiji,FJI,2002,0.38102055
Fiji,FJI,2008,0.40375587
Fiji,FJI,2013,0.36696598
Fiji,FJI,2019,0.30706868
Finland,FIN,1987,0.22171399
Finland,FIN,1991,0.22879761
Finland,FIN,1995,0.23459136
Finland,FIN,2000,0.27156627
Finland,FIN,2003,0.27686605
Finland,FIN,2004,0.27897766
Finland,FIN,2005,0.27619594
Finland,FIN,2006,0.27999076
Finland,FIN,2007,0.28285572
Finland,FIN,2008,0.2783821
Finland,FIN,2009,0.27455446
Finland,FIN,2010,0.2771409
Finland,FIN,2011,0.2764282
Finland,FIN,2012,0.2709663
Finland,FIN,2013,0.27193958
Finland,FIN,2014,0.26776975
Finland,FIN,2015,0.2710204
Finland,FIN,2016,0.27078485
Finland,FIN,2017,0.27383086
Finland,FIN,2018,0.27329773
Finland,FIN,2019,0.27737328
Finland,FIN,2020,0.2709117
France,FRA,1970,0.37145555
France,FRA,1975,0.35918272
France,FRA,1979,0.34042618
France,FRA,1984,0.33400115
France,FRA,1990,0.32119063
France,FRA,1996,0.32016575
France,FRA,1997,0.3190015
France,FRA,1998,0.31657764
France,FRA,1999,0.32499772
France,FRA,2000,0.32553056
France,FRA,2001,0.3253329
France,FRA,2002,0.31778157
France,FRA,2003,0.31411117
France,FRA,2004,0.3064734
France,FRA,2005,0.29834014
France,FRA,2006,0.2969109
France,FRA,2007,0.32427728
France,FRA,2008,0.32996476
France,FRA,2009,0.32661268
France,FRA,2010,0.3372048
France,FRA,2011,0.3329475
France,FRA,2012,0.3311486
France,FRA,2013,0.32512635
France,FRA,2014,0.32262185
France,FRA,2015,0.32704335
France,FRA,2016,0.31923744
France,FRA,2017,0.31632066
France,FRA,2018,0.32380688
France,FRA,2019,0.31199586
France,FRA,2020,0.3066147
Gabon,GAB,2005,0.42184988
Gabon,GAB,2017,0.38024372
Gambia,GMB,1998,0.48519465
Gambia,GMB,2003,0.47331625
Gambia,GMB,2010,0.43568432
Gambia,GMB,2015,0.35918832
Gambia,GMB,2020,0.38757205
Georgia,GEO,1996,0.37132707
Georgia,GEO,1997,0.40696073
Georgia,GEO,1998,0.41250008
Georgia,GEO,1999,0.40149766
Georgia,GEO,2000,0.40478113
Georgia,GEO,2001,0.3957413
Georgia,GEO,2002,0.37249377
Georgia,GEO,2003,0.36655083
Georgia,GEO,2004,0.36175355
Georgia,GEO,2005,0.3737934
Georgia,GEO,2006,0.36868623
Georgia,GEO,2007,0.3811308
Georgia,GEO,2008,0.38534853
Georgia,GEO,2009,0.38237402
Georgia,GEO,2010,0.39461464
Georgia,GEO,2011,0.39595714
Georgia,GEO,2012,0.38954768
Georgia,GEO,2013,0.3858902
Georgia,GEO,2014,0.37554133
Georgia,GEO,2015,0.36503676
Georgia,GEO,2016,0.3663965
Georgia,GEO,2017,0.37939733
Georgia,GEO,2018,0.36411363
Georgia,GEO,2019,0.35900766
Georgia,GEO,2020,0.34465188
Georgia,GEO,2021,0.34178618
Germany,DEU,1991,0.29492873
Germany,DEU,1992,0.29031813
Germany,DEU,1993,0.2854154
Germany,DEU,1994,0.29159415
Germany,DEU,1995,0.28665972
Germany,DEU,1996,0.28020903
Germany,DEU,1997,0.28332725
Germany,DEU,1998,0.28148276
Germany,DEU,1999,0.2902921
Germany,DEU,2000,0.28780577
Germany,DEU,2001,0.29949388
Germany,DEU,2002,0.2986499
Germany,DEU,2003,0.2989323
Germany,DEU,2004,0.30164394
Germany,DEU,2005,0.3158797
Germany,DEU,2006,0.3104196
Germany,DEU,2007,0.31145447
Germany,DEU,2008,0.30904445
Germany,DEU,2009,0.30479428
Germany,DEU,2010,0.3025288
Germany,DEU,2011,0.30668032
Germany,DEU,2012,0.3105579
Germany,DEU,2013,0.31473666
Germany,DEU,2014,0.30871856
Germany,DEU,2015,0.31443062
Germany,DEU,2016,0.31390682
Germany,DEU,2017,0.31851348
Germany,DEU,2018,0.3179069
Germany,DEU,2019,0.31719428
Ghana,GHA,1987,0.35349578
Ghana,GHA,1988,0.3599354
Ghana,GHA,1991,0.3843723
Ghana,GHA,1998,0.40072626
Ghana,GHA,2005,0.42765537
Ghana,GHA,2012,0.42373204
Ghana,GHA,2016,0.4352088
Greece,GRC,1995,0.36975572
Greece,GRC,2000,0.34239194
Greece,GRC,2003,0.32762337
Greece,GRC,2004,0.3359099
Greece,GRC,2005,0.3459823
Greece,GRC,2006,0.35123804
Greece,GRC,2007,0.33953574
Greece,GRC,2008,0.33589363
Greece,GRC,2009,0.33619058
Greece,GRC,2010,0.34103328
Greece,GRC,2011,0.3484941
Greece,GRC,2012,0.36251
Greece,GRC,2013,0.36127362
Greece,GRC,2014,0.35809505
Greece,GRC,2015,0.3600026
Greece,GRC,2016,0.3495864
Greece,GRC,2017,0.34352022
Greece,GRC,2018,0.32891205
Greece,GRC,2019,0.33104455
Greece,GRC,2020,0.33560613
Guatemala,GTM,1986,0.58256906
Guatemala,GTM,1989,0.59598774
Guatemala,GTM,2000,0.5417652
Guatemala,GTM,2006,0.5457072
Guatemala,GTM,2014,0.48278588
Guinea,GIN,1991,0.4684305
Guinea,GIN,1994,0.4608161
Guinea,GIN,2002,0.43004164
Guinea,GIN,2007,0.39355347
Guinea,GIN,2012,0.33729705
Guinea,GIN,2018,0.29591954
Guinea-Bissau,GNB,1993,0.43610227
Guinea-Bissau,GNB,2002,0.35569745
Guinea-Bissau,GNB,2010,0.5066424
Guinea-Bissau,GNB,2018,0.34765232
Guyana,GUY,1998,0.4511814
Haiti,HTI,2001,0.5947662
Haiti,HTI,2012,0.41103774
Honduras,HND,1989,0.5949015
Honduras,HND,1990,0.5735673
Honduras,HND,1991,0.5185067
Honduras,HND,1992,0.51828456
Honduras,HND,1993,0.53467447
Honduras,HND,1994,0.5501017
Honduras,HND,1995,0.55485475
Honduras,HND,1996,0.55721563
Honduras,HND,1997,0.52734
Honduras,HND,1998,0.5742543
Honduras,HND,1999,0.5535134
Honduras,HND,2001,0.55360717
Honduras,HND,2002,0.55730957
Honduras,HND,2003,0.5812125
Honduras,HND,2004,0.5813391
Honduras,HND,2005,0.5951159
Honduras,HND,2006,0.5754278
Honduras,HND,2007,0.5582031
Honduras,HND,2008,0.55499905
Honduras,HND,2009,0.51283324
Honduras,HND,2010,0.5308707
Honduras,HND,2011,0.5255979
Honduras,HND,2012,0.5337071
Honduras,HND,2013,0.49959752
Honduras,HND,2014,0.49878585
Honduras,HND,2015,0.49249893
Honduras,HND,2016,0.4981186
Honduras,HND,2017,0.49445528
Honduras,HND,2018,0.48937786
Honduras,HND,2019,0.48168167
Honduras (urban),,1986,0.5509303
Hungary,HUN,1987,0.20960031
Hungary,HUN,1989,0.2504778
Hungary,HUN,1991,0.29633954
Hungary,HUN,1993,0.27940974
Hungary,HUN,1994,0.33289394
Hungary,HUN,1998,0.26381922
Hungary,HUN,1999,0.276354
Hungary,HUN,2000,0.2722058
Hungary,HUN,2001,0.26924485
Hungary,HUN,2002,0.2683789
Hungary,HUN,2003,0.30925757
Hungary,HUN,2004,0.30022427
Hungary,HUN,2005,0.3019102
Hungary,HUN,2006,0.28958917
Hungary,HUN,2007,0.31155092
Hungary,HUN,2008,0.27514043
Hungary,HUN,2009,0.2695964
Hungary,HUN,2010,0.29444227
Hungary,HUN,2011,0.29158342
Hungary,HUN,2012,0.30804187
Hungary,HUN,2013,0.31504104
Hungary,HUN,2014,0.30917662
Hungary,HUN,2015,0.3040823
Hungary,HUN,2016,0.30327618
Hungary,HUN,2017,0.30584124
Hungary,HUN,2018,0.29612043
Hungary,HUN,2019,0.29950473
Hungary,HUN,2020,0.29713073
Iceland,ISL,2003,0.26836038
Iceland,ISL,2004,0.2798214
Iceland,ISL,2005,0.29002446
Iceland,ISL,2006,0.3024515
Iceland,ISL,2007,0.2947096
Iceland,ISL,2008,0.3178928
Iceland,ISL,2009,0.2865641
Iceland,ISL,2010,0.2617162
Iceland,ISL,2011,0.26830798
Iceland,ISL,2012,0.26769423
Iceland,ISL,2013,0.25402915
Iceland,ISL,2014,0.27800417
Iceland,ISL,2015,0.26787972
Iceland,ISL,2016,0.27241105
Iceland,ISL,2017,0.2613158
India,IND,1977,0.33336645
India,IND,1983,0.32100993
India,IND,1987,0.32574165
India,IND,1993,0.31696185
India,IND,2004,0.34406307
India,IND,2009,0.35380337
India,IND,2011,0.35712585
India,IND,2015,0.34705412
India,IND,2016,0.34772223
India,IND,2017,0.3593948
India,IND,2018,0.34584644
India,IND,2019,0.3502112
India,IND,2020,0.3477095
India,IND,2021,0.34214914
India (rural),,1977,0.34195656
India (rural),,1983,0.3005934
India (rural),,1987,0.30133688
India (rural),,1993,0.28586566
India (rural),,2004,0.30453578
India (rural),,2009,0.29950303
India (rural),,2011,0.3112752
India (rural),,2015,0.31263804
India (rural),,2016,0.3101153
India (rural),,2017,0.31273302
India (rural),,2018,0.31053358
India (rural),,2019,0.3239082
India (rural),,2020,0.3193041
India (rural),,2021,0.30807373
India (urban),,1977,0.3574155
India (urban),,1983,0.33326876
India (urban),,1987,0.35569307
India (urban),,1993,0.3438523
India (urban),,2004,0.37635174
India (urban),,2009,0.39347973
India (urban),,2011,0.3901443
India (urban),,2015,0.37879863
India (urban),,2016,0.3829257
India (urban),,2017,0.39578882
India (urban),,2018,0.36215827
India (urban),,2019,0.3719933
India (urban),,2020,0.3732479
India (urban),,2021,0.37060717
Indonesia,IDN,1984,0.3345598
Indonesia,IDN,1987,0.3140377
Indonesia,IDN,1990,0.32271257
Indonesia,IDN,1993,0.331628
Indonesia,IDN,1996,0.35625136
Indonesia,IDN,1998,0.32181433
Indonesia,IDN,1999,0.32078046
Indonesia,IDN,2000,0.29458433
Indonesia,IDN,2001,0.3002393
Indonesia,IDN,2002,0.32833797
Indonesia,IDN,2003,0.330267
Indonesia,IDN,2004,0.3385328
Indonesia,IDN,2005,0.34057844
Indonesia,IDN,2006,0.35300556
Indonesia,IDN,2007,0.3666469
Indonesia,IDN,2008,0.36060256
Indonesia,IDN,2009,0.3599317
Indonesia,IDN,2010,0.37205338
Indonesia,IDN,2011,0.4045815
Indonesia,IDN,2012,0.40459642
Indonesia,IDN,2013,0.4079118
Indonesia,IDN,2014,0.40175667
Indonesia,IDN,2015,0.4039737
Indonesia,IDN,2016,0.39300278
Indonesia,IDN,2017,0.38785264
Indonesia,IDN,2018,0.38410378
Indonesia,IDN,2019,0.37610123
Indonesia,IDN,2020,0.37605485
Indonesia,IDN,2021,0.3791565
Indonesia,IDN,2022,0.37919053
Indonesia (rural),,1984,0.29214716
Indonesia (rural),,1987,0.27729326
Indonesia (rural),,1990,0.26455078
Indonesia (rural),,1993,0.2600183
Indonesia (rural),,1996,0.27587208
Indonesia (rural),,1998,0.2568415
Indonesia (rural),,1999,0.24756536
Indonesia (rural),,2000,0.24101526
Indonesia (rural),,2001,0.23902634
Indonesia (rural),,2002,0.2553382
Indonesia (rural),,2003,0.25358707
Indonesia (rural),,2004,0.26531112
Indonesia (rural),,2005,0.27902848
Indonesia (rural),,2006,0.28917173
Indonesia (rural),,2007,0.30114937
Indonesia (rural),,2008,0.29982853
Indonesia (rural),,2009,0.29499847
Indonesia (rural),,2010,0.31533307
Indonesia (rural),,2011,0.3409647
Indonesia (rural),,2012,0.329824
Indonesia (rural),,2013,0.32049862
Indonesia (rural),,2014,0.31914413
Indonesia (rural),,2015,0.33418453
Indonesia (rural),,2016,0.32655323
Indonesia (rural),,2017,0.32045445
Indonesia (rural),,2018,0.32444188
Indonesia (rural),,2019,0.3168654
Indonesia (rural),,2020,0.31669113
Indonesia (rural),,2021,0.3153389
Indonesia (rural),,2022,0.31383035
Indonesia (urban),,1984,0.3329345
Indonesia (urban),,1987,0.3277565
Indonesia (urban),,1990,0.3466288
Indonesia (urban),,1993,0.3535324
Indonesia (urban),,1996,0.37549615
Indonesia (urban),,1998,0.33776075
Indonesia (urban),,1999,0.35375032
Indonesia (urban),,2000,0.31650257
Indonesia (urban),,2001,0.31758693
Indonesia (urban),,2002,0.33938208
Indonesia (urban),,2003,0.3401206
Indonesia (urban),,2004,0.34305668
Indonesia (urban),,2005,0.34189805
Indonesia (urban),,2006,0.35517496
Indonesia (urban),,2007,0.37075886
Indonesia (urban),,2008,0.3671704
Indonesia (urban),,2009,0.3720203
Indonesia (urban),,2010,0.38204768
Indonesia (urban),,2011,0.42216945
Indonesia (urban),,2012,0.42480853
Indonesia (urban),,2013,0.43106535
Indonesia (urban),,2014,0.42765263
Indonesia (urban),,2015,0.42753065
Indonesia (urban),,2016,0.41031516
Indonesia (urban),,2017,0.4068613
Indonesia (urban),,2018,0.4005402
Indonesia (urban),,2019,0.3921567
Indonesia (urban),,2020,0.3925719
Indonesia (urban),,2021,0.40063065
Indonesia (urban),,2022,0.403278
Iran,IRN,1986,0.4741964
Iran,IRN,1990,0.43604776
Iran,IRN,1994,0.4299837
Iran,IRN,1998,0.44095644
Iran,IRN,2005,0.43558642
Iran,IRN,2006,0.44752038
Iran,IRN,2009,0.42050025
Iran,IRN,2013,0.3735951
Iran,IRN,2014,0.38783294
Iran,IRN,2015,0.39471003
Iran,IRN,2016,0.39965197
Iran,IRN,2017,0.4080294
Iran,IRN,2018,0.420033
Iran,IRN,2019,0.4093597
Iraq,IRQ,2006,0.28600612
Iraq,IRQ,2012,0.29541856
Ireland,IRL,1987,0.35466203
Ireland,IRL,1994,0.36914206
Ireland,IRL,1995,0.3704509
Ireland,IRL,1996,0.35622135
Ireland,IRL,2000,0.33005205
Ireland,IRL,2002,0.32290256
Ireland,IRL,2003,0.32887623
Ireland,IRL,2004,0.33609638
Ireland,IRL,2005,0.33754012
Ireland,IRL,2006,0.32727954
Ireland,IRL,2007,0.31946772
Ireland,IRL,2008,0.30906218
Ireland,IRL,2009,0.32682547
Ireland,IRL,2010,0.32297096
Ireland,IRL,2011,0.32874694
Ireland,IRL,2012,0.33220753
Ireland,IRL,2013,0.33489192
Ireland,IRL,2014,0.31876454
Ireland,IRL,2015,0.3182154
Ireland,IRL,2016,0.32807598
Ireland,IRL,2017,0.31359804
Ireland,IRL,2018,0.30602926
Ireland,IRL,2019,0.308315
Ireland,IRL,2020,0.29228526
Israel,ISR,1979,0.36329976
Israel,ISR,1986,0.3649054
Israel,ISR,1992,0.35507256
Israel,ISR,1997,0.38097107
Israel,ISR,2001,0.38947663
Israel,ISR,2002,0.39559424
Israel,ISR,2003,0.4072257
Israel,ISR,2004,0.414563
Israel,ISR,2005,0.42267624
Israel,ISR,2006,0.4155532
Israel,ISR,2007,0.41098633
Israel,ISR,2008,0.4164268
Israel,ISR,2009,0.4263395
Israel,ISR,2010,0.42527026
Israel,ISR,2011,0.41444165
Israel,ISR,2012,0.41609597
Israel,ISR,2013,0.40224823
Israel,ISR,2014,0.3975749
Israel,ISR,2015,0.3971953
Israel,ISR,2016,0.39013016
Israel,ISR,2017,0.38202065
Israel,ISR,2018,0.38577175
Italy,ITA,1986,0.32516408
Italy,ITA,1987,0.34546974
Italy,ITA,1989,0.32573316
Italy,ITA,1991,0.31468326
Italy,ITA,1993,0.35537887
Italy,ITA,1995,0.35238063
Italy,ITA,1998,0.36660787
Italy,ITA,2000,0.3525281
Italy,ITA,2003,0.34931308
Italy,ITA,2004,0.34295115
Italy,ITA,2005,0.33833605
Italy,ITA,2006,0.33697397
Italy,ITA,2007,0.32890737
Italy,ITA,2008,0.33770102
Italy,ITA,2009,0.33835772
Italy,ITA,2010,0.3472131
Italy,ITA,2011,0.35057214
Italy,ITA,2012,0.3515561
Italy,ITA,2013,0.3491185
Italy,ITA,2014,0.3465733
Italy,ITA,2015,0.35397437
Italy,ITA,2016,0.3524625
Italy,ITA,2017,0.35928002
Italy,ITA,2018,0.35222572
Italy,ITA,2019,0.34587252
Italy,ITA,2020,0.35244223
Jamaica,JAM,1988,0.43155026
Jamaica,JAM,1990,0.41113734
Jamaica,JAM,1993,0.35673422
Jamaica,JAM,1996,0.40394902
Jamaica,JAM,1999,0.44080198
Jamaica,JAM,2002,0.48315963
Jamaica,JAM,2004,0.45457473
Japan,JPN,2008,0.34842315
Japan,JPN,2010,0.3210032
Japan,JPN,2013,0.3285473
Jordan,JOR,1986,0.3606143
Jordan,JOR,1992,0.43362623
Jordan,JOR,1997,0.36420557
Jordan,JOR,2002,0.36954618
Jordan,JOR,2006,0.33856255
Jordan,JOR,2008,0.3257345
Jordan,JOR,2010,0.3365573
Kazakhstan,KAZ,1993,0.32665735
Kazakhstan,KAZ,1996,0.35378307
Kazakhstan,KAZ,2001,0.35964757
Kazakhstan,KAZ,2002,0.3481114
Kazakhstan,KAZ,2003,0.33691478
Kazakhstan,KAZ,2004,0.3183876
Kazakhstan,KAZ,2005,0.39826038
Kazakhstan,KAZ,2006,0.30243865
Kazakhstan,KAZ,2007,0.30084056
Kazakhstan,KAZ,2008,0.28496444
Kazakhstan,KAZ,2009,0.28208867
Kazakhstan,KAZ,2010,0.27954513
Kazakhstan,KAZ,2011,0.27983844
Kazakhstan,KAZ,2012,0.2816882
Kazakhstan,KAZ,2013,0.2706543
Kazakhstan,KAZ,2014,0.2701586
Kazakhstan,KAZ,2015,0.26803666
Kazakhstan,KAZ,2016,0.27225325
Kazakhstan,KAZ,2017,0.27450275
Kazakhstan,KAZ,2018,0.27792874
Kenya,KEN,1992,0.57460964
Kenya,KEN,1994,0.4310857
Kenya,KEN,1997,0.44983077
Kenya,KEN,2005,0.46452925
Kenya,KEN,2015,0.40775773
Kenya,KEN,2020,0.36246458
Kenya,KEN,2021,0.3870376
Kiribati,KIR,2006,0.36973003
Kiribati,KIR,2019,0.27832702
Kosovo,OWID_KOS,2003,0.28953856
Kosovo,OWID_KOS,2005,0.3123823
Kosovo,OWID_KOS,2006,0.30321634
Kosovo,OWID_KOS,2009,0.31781715
Kosovo,OWID_KOS,2010,0.33254302
Kosovo,OWID_KOS,2011,0.27831748
Kosovo,OWID_KOS,2012,0.28972268
Kosovo,OWID_KOS,2013,0.2630659
Kosovo,OWID_KOS,2014,0.2727017
Kosovo,OWID_KOS,2015,0.26454154
Kosovo,OWID_KOS,2016,0.26721144
Kosovo,OWID_KOS,2017,0.29012942
Kyrgyzstan,KGZ,1998,0.46371982
Kyrgyzstan,KGZ,2000,0.31035012
Kyrgyzstan,KGZ,2001,0.3016398
Kyrgyzstan,KGZ,2002,0.30302387
Kyrgyzstan,KGZ,2003,0.28708646
Kyrgyzstan,KGZ,2004,0.3477343
Kyrgyzstan,KGZ,2005,0.3256143
Kyrgyzstan,KGZ,2006,0.3738124
Kyrgyzstan,KGZ,2007,0.3391182
Kyrgyzstan,KGZ,2008,0.31450686
Kyrgyzstan,KGZ,2009,0.29874915
Kyrgyzstan,KGZ,2010,0.30133915
Kyrgyzstan,KGZ,2011,0.27839863
Kyrgyzstan,KGZ,2012,0.27357274
Kyrgyzstan,KGZ,2013,0.28815484
Kyrgyzstan,KGZ,2014,0.26819003
Kyrgyzstan,KGZ,2015,0.28997916
Kyrgyzstan,KGZ,2016,0.2678077
Kyrgyzstan,KGZ,2017,0.2733501
Kyrgyzstan,KGZ,2018,0.27690327
Kyrgyzstan,KGZ,2019,0.29701224
Kyrgyzstan,KGZ,2020,0.28989273
Laos,LAO,1992,0.34309775
Laos,LAO,1997,0.3489544
Laos,LAO,2002,0.32620108
Laos,LAO,2007,0.35361034
Laos,LAO,2012,0.35963547
Laos,LAO,2018,0.38802433
Latvia,LVA,1993,0.26993132
Latvia,LVA,1995,0.30977488
Latvia,LVA,1996,0.31641865
Latvia,LVA,1997,0.34392592
Latvia,LVA,1998,0.33264852
Latvia,LVA,2002,0.35091233
Latvia,LVA,2003,0.36528602
Latvia,LVA,2004,0.3495713
Latvia,LVA,2005,0.38981482
Latvia,LVA,2006,0.35602766
Latvia,LVA,2007,0.3604693
Latvia,LVA,2008,0.35817897
Latvia,LVA,2009,0.3483174
Latvia,LVA,2010,0.3503441
Latvia,LVA,2011,0.35774368
Latvia,LVA,2012,0.35237688
Latvia,LVA,2013,0.3550057
Latvia,LVA,2014,0.35115233
Latvia,LVA,2015,0.34204435
Latvia,LVA,2016,0.3432963
Latvia,LVA,2017,0.35571936
Latvia,LVA,2018,0.3509615
Latvia,LVA,2019,0.3448954
Latvia,LVA,2020,0.35704768
Lebanon,LBN,2011,0.3183245
Lesotho,LSO,1986,0.5601606
Lesotho,LSO,1994,0.6324037
Lesotho,LSO,2002,0.5157492
Lesotho,LSO,2017,0.44879702
Liberia,LBR,2007,0.36477745
Liberia,LBR,2014,0.33237883
Liberia,LBR,2016,0.3526546
Lithuania,LTU,1993,0.33641136
Lithuania,LTU,1996,0.32260323
Lithuania,LTU,1998,0.32103118
Lithuania,LTU,1999,0.32015237
Lithuania,LTU,2000,0.31674933
Lithuania,LTU,2001,0.32012275
Lithuania,LTU,2002,0.31915566
Lithuania,LTU,2003,0.35456488
Lithuania,LTU,2004,0.35204017
Lithuania,LTU,2005,0.35302207
Lithuania,LTU,2006,0.34418988
Lithuania,LTU,2007,0.3479719
Lithuania,LTU,2008,0.37055656
Lithuania,LTU,2009,0.37225989
Lithuania,LTU,2010,0.33619305
Lithuania,LTU,2011,0.32491052
Lithuania,LTU,2012,0.3509868
Lithuania,LTU,2013,0.35311148
Lithuania,LTU,2014,0.37681442
Lithuania,LTU,2015,0.37375224
Lithuania,LTU,2016,0.38391206
Lithuania,LTU,2017,0.372897
Lithuania,LTU,2018,0.35707808
Lithuania,LTU,2019,0.35253152
Lithuania,LTU,2020,0.35957366
Luxembourg,LUX,1985,0.26294357
Luxembourg,LUX,1986,0.28112763
Luxembourg,LUX,1987,0.2954707
Luxembourg,LUX,1988,0.28827298
Luxembourg,LUX,1989,0.30814338
Luxembourg,LUX,1990,0.2770192
Luxembourg,LUX,1991,0.2717853
Luxembourg,LUX,1992,0.27309504
Luxembourg,LUX,1993,0.27047905
Luxembourg,LUX,1994,0.28147867
Luxembourg,LUX,1995,0.28301048
Luxembourg,LUX,1996,0.29043368
Luxembourg,LUX,1997,0.2957325
Luxembourg,LUX,1998,0.30605367
Luxembourg,LUX,1999,0.30041057
Luxembourg,LUX,2000,0.30102962
Luxembourg,LUX,2001,0.30926323
Luxembourg,LUX,2002,0.3098299
Luxembourg,LUX,2003,0.30187473
Luxembourg,LUX,2004,0.30172697
Luxembourg,LUX,2005,0.30840808
Luxembourg,LUX,2006,0.3094812
Luxembourg,LUX,2007,0.3113375
Luxembourg,LUX,2008,0.32561544
Luxembourg,LUX,2009,0.3119692
Luxembourg,LUX,2010,0.3050438
Luxembourg,LUX,2011,0.3205412
Luxembourg,LUX,2012,0.3434715
Luxembourg,LUX,2013,0.32036045
Luxembourg,LUX,2014,0.3115832
Luxembourg,LUX,2015,0.32922232
Luxembourg,LUX,2016,0.31727982
Luxembourg,LUX,2017,0.34515738
Luxembourg,LUX,2018,0.35368094
Luxembourg,LUX,2019,0.34241262
Luxembourg,LUX,2020,0.3337364
Madagascar,MDG,1980,0.4684885
Madagascar,MDG,1993,0.45255697
Madagascar,MDG,1997,0.39468354
Madagascar,MDG,1999,0.3860748
Madagascar,MDG,2001,0.4743543
Madagascar,MDG,2005,0.3993718
Madagascar,MDG,2010,0.42417488
Madagascar,MDG,2012,0.4264818
Malawi,MWI,1997,0.6575557
Malawi,MWI,2004,0.3987346
Malawi,MWI,2010,0.45475972
Malawi,MWI,2016,0.44694307
Malawi,MWI,2019,0.38543174
Malaysia,MYS,1984,0.48624814
Malaysia,MYS,1987,0.47041836
Malaysia,MYS,1989,0.46168503
Malaysia,MYS,1992,0.47653726
Malaysia,MYS,1995,0.48522672
Malaysia,MYS,1997,0.49149662
Malaysia,MYS,2003,0.46416202
Malaysia,MYS,2006,0.4475235
Malaysia,MYS,2008,0.45479712
Malaysia,MYS,2011,0.43943596
Malaysia,MYS,2013,0.41348827
Malaysia,MYS,2015,0.410664
Malaysia,MYS,2018,0.41176775
Maldives,MDV,2002,0.41312027
Maldives,MDV,2009,0.38372764
Maldives,MDV,2016,0.31285647
Maldives,MDV,2019,0.2928509
Mali,MLI,1994,0.50441235
Mali,MLI,2001,0.39867282
Mali,MLI,2006,0.38929963
Mali,MLI,2009,0.33037955
Mali,MLI,2018,0.3596336
Malta,MLT,2006,0.28019977
Malta,MLT,2007,0.2920774
Malta,MLT,2008,0.28995508
Malta,MLT,2009,0.30244797
Malta,MLT,2010,0.29025868
Malta,MLT,2011,0.2914259
Malta,MLT,2012,0.2936045
Malta,MLT,2013,0.28843665
Malta,MLT,2014,0.29020345
Malta,MLT,2015,0.29433772
Malta,MLT,2016,0.29089114
Malta,MLT,2017,0.2923224
Malta,MLT,2018,0.28665087
Malta,MLT,2019,0.3104208
Malta,MLT,2020,0.3140378
Marshall Islands,MHL,2019,0.35482943
Mauritania,MRT,1987,0.43939015
Mauritania,MRT,1993,0.5005156
Mauritania,MRT,1995,0.37747362
Mauritania,MRT,2000,0.39028475
Mauritania,MRT,2004,0.4016877
Mauritania,MRT,2008,0.35685378
Mauritania,MRT,2014,0.3261935
Mauritius,MUS,2006,0.3565342
Mauritius,MUS,2012,0.384654
Mauritius,MUS,2017,0.36761206
Mexico,MEX,1984,0.4852701
Mexico,MEX,1989,0.50631666
Mexico,MEX,1992,0.52611816
Mexico,MEX,1994,0.5280892
Mexico,MEX,1996,0.5355028
Mexico,MEX,1998,0.51678383
Mexico,MEX,2000,0.5258397
Mexico,MEX,2002,0.50088656
Mexico,MEX,2004,0.50030077
Mexico,MEX,2005,0.5012036
Mexico,MEX,2006,0.48936054
Mexico,MEX,2008,0.49883848
Mexico,MEX,2010,0.4721391
Mexico,MEX,2012,0.48713467
Mexico,MEX,2014,0.4872244
Mexico,MEX,2016,0.47677714
Mexico,MEX,2018,0.46706957
Mexico,MEX,2020,0.4539873
Micronesia (country),FSM,2005,0.423558
Micronesia (country),FSM,2013,0.40057632
Micronesia (country) (urban),,2000,0.6326197
Moldova,MDA,1997,0.36942145
Moldova,MDA,1998,0.3951855
Moldova,MDA,1999,0.42624205
Moldova,MDA,2000,0.36425692
Moldova,MDA,2001,0.37989193
Moldova,MDA,2002,0.3584591
Moldova,MDA,2003,0.34902084
Moldova,MDA,2004,0.35029566
Moldova,MDA,2005,0.36280838
Moldova,MDA,2006,0.35400927
Moldova,MDA,2007,0.34421042
Moldova,MDA,2008,0.34692442
Moldova,MDA,2009,0.32910907
Moldova,MDA,2010,0.3205092
Moldova,MDA,2011,0.30628577
Moldova,MDA,2012,0.2915884
Moldova,MDA,2013,0.2853416
Moldova,MDA,2014,0.26833853
Moldova,MDA,2015,0.27028158
Moldova,MDA,2016,0.26345387
Moldova,MDA,2017,0.25899243
Moldova,MDA,2018,0.25661647
Moldova,MDA,2019,0.26016647
Moldova,MDA,2021,0.25731638
Mongolia,MNG,1995,0.3319534
Mongolia,MNG,1998,0.30271962
Mongolia,MNG,2002,0.32892948
Mongolia,MNG,2007,0.3582187
Mongolia,MNG,2010,0.33081213
Mongolia,MNG,2011,0.33883506
Mongolia,MNG,2012,0.33751616
Mongolia,MNG,2014,0.3203779
Mongolia,MNG,2016,0.32345733
Mongolia,MNG,2018,0.3274099
Montenegro,MNE,2005,0.30217275
Montenegro,MNE,2006,0.3003536
Montenegro,MNE,2007,0.3144807
Montenegro,MNE,2008,0.30487993
Montenegro,MNE,2009,0.31008518
Montenegro,MNE,2010,0.28893095
Montenegro,MNE,2011,0.30819854
Montenegro,MNE,2012,0.32273737
Montenegro,MNE,2013,0.32442936
Montenegro,MNE,2014,0.31926522
Montenegro,MNE,2015,0.39005032
Montenegro,MNE,2016,0.38487947
Montenegro,MNE,2017,0.36906824
Montenegro,MNE,2018,0.36811927
Morocco,MAR,1984,0.39186636
Morocco,MAR,1990,0.39206904
Morocco,MAR,1998,0.39353913
Morocco,MAR,2000,0.40637007
Morocco,MAR,2006,0.40718302
Morocco,MAR,2013,0.39548507
Mozambique,MOZ,1996,0.53559864
Mozambique,MOZ,2002,0.4703907
Mozambique,MOZ,2008,0.45578337
Mozambique,MOZ,2014,0.5399668
Mozambique,MOZ,2019,0.5045398
Myanmar,MMR,2015,0.3806851
Myanmar,MMR,2017,0.3069687
Namibia,NAM,2003,0.6331876
Namibia,NAM,2009,0.60965174
Namibia,NAM,2015,0.5906661
Nauru,NRU,2012,0.3236158
Nepal,NPL,1984,0.3005754
Nepal,NPL,1995,0.35207018
Nepal,NPL,2003,0.43768105
Nepal,NPL,2010,0.32840586
Netherlands,NLD,1983,0.28366053
Netherlands,NLD,1987,0.26771623
Netherlands,NLD,1990,0.31090072
Netherlands,NLD,1993,0.3043498
Netherlands,NLD,1999,0.28063396
Netherlands,NLD,2004,0.29800025
Netherlands,NLD,2005,0.2904823
Netherlands,NLD,2006,0.30043328
Netherlands,NLD,2007,0.2959278
Netherlands,NLD,2008,0.29298013
Netherlands,NLD,2009,0.27881998
Netherlands,NLD,2010,0.2784525
Netherlands,NLD,2011,0.27750087
Netherlands,NLD,2012,0.2762093
Netherlands,NLD,2013,0.2810648
Netherlands,NLD,2014,0.2863142
Netherlands,NLD,2015,0.2824158
Netherlands,NLD,2016,0.2817357
Netherlands,NLD,2017,0.2853582
Netherlands,NLD,2018,0.2812108
Netherlands,NLD,2019,0.29248333
Netherlands,NLD,2020,0.2599421
Nicaragua,NIC,1993,0.49061748
Nicaragua,NIC,1998,0.44997308
Nicaragua,NIC,2001,0.42998204
Nicaragua,NIC,2005,0.40531987
Nicaragua,NIC,2009,0.43942162
Nicaragua,NIC,2014,0.46156293
Niger,NER,1992,0.36097544
Niger,NER,1994,0.41525966
Niger,NER,2005,0.44425443
Niger,NER,2007,0.37304455
Niger,NER,2011,0.31451714
Niger,NER,2014,0.34276575
Niger,NER,2018,0.37259424
Nigeria,NGA,1985,0.3867785
Nigeria,NGA,1992,0.44984055
Nigeria,NGA,1996,0.51922244
Nigeria,NGA,2003,0.40063578
Nigeria,NGA,2010,0.3565021
Nigeria,NGA,2012,0.35513008
Nigeria,NGA,2015,0.3587978
Nigeria,NGA,2018,0.35127744
North Macedonia,MKD,1998,0.2812858
North Macedonia,MKD,2000,0.34263873
North Macedonia,MKD,2002,0.38509068
North Macedonia,MKD,2003,0.38722393
North Macedonia,MKD,2004,0.3843255
North Macedonia,MKD,2005,0.3930525
North Macedonia,MKD,2006,0.42642504
North Macedonia,MKD,2008,0.46141624
North Macedonia,MKD,2009,0.42764455
North Macedonia,MKD,2010,0.40160623
North Macedonia,MKD,2011,0.39374107
North Macedonia,MKD,2012,0.38136518
North Macedonia,MKD,2013,0.36242935
North Macedonia,MKD,2014,0.35205436
North Macedonia,MKD,2015,0.3559466
North Macedonia,MKD,2016,0.3453469
North Macedonia,MKD,2017,0.34200203
North Macedonia,MKD,2018,0.329607
North Macedonia,MKD,2019,0.33505884
Norway,NOR,1979,0.2689476
Norway,NOR,1986,0.24630482
Norway,NOR,1991,0.25227585
Norway,NOR,1995,0.26020533
Norway,NOR,2000,0.27358785
Norway,NOR,2003,0.27627292
Norway,NOR,2004,0.31579077
Norway,NOR,2005,0.3059756
Norway,NOR,2006,0.26354173
Norway,NOR,2007,0.27090815
Norway,NOR,2008,0.26996532
Norway,NOR,2009,0.2615837
Norway,NOR,2010,0.25723967
Norway,NOR,2011,0.25300366
Norway,NOR,2012,0.25726262
Norway,NOR,2013,0.26361203
Norway,NOR,2014,0.26752627
Norway,NOR,2015,0.27496895
Norway,NOR,2016,0.28493744
Norway,NOR,2017,0.2698733
Norway,NOR,2018,0.27560863
Norway,NOR,2019,0.27742285
Pakistan,PAK,1987,0.33316898
Pakistan,PAK,1990,0.3324866
Pakistan,PAK,1996,0.28664988
Pakistan,PAK,1998,0.33123294
Pakistan,PAK,2001,0.2865302
Pakistan,PAK,2004,0.30886108
Pakistan,PAK,2005,0.31261253
Pakistan,PAK,2007,0.29669502
Pakistan,PAK,2010,0.28780863
Pakistan,PAK,2011,0.29697958
Pakistan,PAK,2013,0.29528573
Pakistan,PAK,2015,0.31291267
Pakistan,PAK,2018,0.29589266
Palestine,PSE,2004,0.3404466
Palestine,PSE,2005,0.34742624
Palestine,PSE,2006,0.3395928
Palestine,PSE,2007,0.35606077
Palestine,PSE,2009,0.34463975
Palestine,PSE,2010,0.3529443
Palestine,PSE,2011,0.34415236
Palestine,PSE,2016,0.3369004
Panama,PAN,1979,0.48740143
Panama,PAN,1989,0.5890771
Panama,PAN,1991,0.5821962
Panama,PAN,1995,0.57811224
Panama,PAN,1997,0.5823173
Panama,PAN,1998,0.57480836
Panama,PAN,1999,0.5645578
Panama,PAN,2000,0.56639016
Panama,PAN,2001,0.5674528
Panama,PAN,2002,0.5610198
Panama,PAN,2003,0.55662787
Panama,PAN,2004,0.54780126
Panama,PAN,2005,0.5381147
Panama,PAN,2006,0.546454
Panama,PAN,2007,0.5268926
Panama,PAN,2008,0.52693385
Panama,PAN,2009,0.5177117
Panama,PAN,2010,0.5160976
Panama,PAN,2011,0.51348317
Panama,PAN,2012,0.51739955
Panama,PAN,2013,0.51457196
Panama,PAN,2014,0.5046687
Panama,PAN,2015,0.50806665
Panama,PAN,2016,0.5040773
Panama,PAN,2017,0.49888504
Panama,PAN,2018,0.49212474
Panama,PAN,2019,0.49838337
Panama,PAN,2021,0.50861204
Papua New Guinea,PNG,1996,0.4577135
Papua New Guinea,PNG,2009,0.41850787
Paraguay,PRY,1990,0.40839344
Paraguay,PRY,1995,0.5815904
Paraguay,PRY,1997,0.5489243
Paraguay,PRY,1999,0.54577464
Paraguay,PRY,2001,0.546293
Paraguay,PRY,2002,0.5727629
Paraguay,PRY,2003,0.5493835
Paraguay,PRY,2004,0.5226281
Paraguay,PRY,2005,0.5138179
Paraguay,PRY,2006,0.5299549
Paraguay,PRY,2007,0.5304121
Paraguay,PRY,2008,0.50704694
Paraguay,PRY,2009,0.4914576
Paraguay,PRY,2010,0.5098244
Paraguay,PRY,2011,0.5230993
Paraguay,PRY,2012,0.47633564
Paraguay,PRY,2013,0.4793603
Paraguay,PRY,2014,0.50702643
Paraguay,PRY,2015,0.47605908
Paraguay,PRY,2016,0.47899717
Paraguay,PRY,2017,0.4854749
Paraguay,PRY,2018,0.459551
Paraguay,PRY,2019,0.45650637
Paraguay,PRY,2020,0.43481943
Paraguay,PRY,2021,0.42905566
Paraguay,PRY,2022,0.45109698
Peru,PER,1985,0.45634982
Peru,PER,1994,0.44023988
Peru,PER,1997,0.53259367
Peru,PER,1998,0.5512152
Peru,PER,1999,0.54828894
Peru,PER,2000,0.49073362
Peru,PER,2001,0.5130633
Peru,PER,2002,0.53565925
Peru,PER,2003,0.5308133
Peru,PER,2004,0.4988085
Peru,PER,2005,0.50451356
Peru,PER,2006,0.50332856
Peru,PER,2007,0.5002204
Peru,PER,2008,0.4748734
Peru,PER,2009,0.4700658
Peru,PER,2010,0.45537925
Peru,PER,2011,0.4466015
Peru,PER,2012,0.4444041
Peru,PER,2013,0.43882897
Peru,PER,2014,0.43139225
Peru,PER,2015,0.433564
Peru,PER,2016,0.43639258
Peru,PER,2017,0.4329279
Peru,PER,2018,0.42387646
Peru,PER,2019,0.41562784
Peru,PER,2020,0.43794137
Peru,PER,2021,0.40249866
Philippines,PHL,1985,0.41037434
Philippines,PHL,1988,0.4074627
Philippines,PHL,1991,0.43823552
Philippines,PHL,1994,0.42888388
Philippines,PHL,1997,0.45962209
Philippines,PHL,2000,0.42799473
Philippines,PHL,2003,0.4149466
Philippines,PHL,2006,0.4285884
Philippines,PHL,2009,0.41760337
Philippines,PHL,2012,0.4222433
Philippines,PHL,2015,0.40351498
Philippines,PHL,2018,0.37811705
Philippines,PHL,2021,0.37268466
Poland,POL,1985,0.25164965
Poland,POL,1986,0.27984542
Poland,POL,1987,0.2552513
Poland,POL,1989,0.2689247
Poland,POL,1992,0.29298562
Poland,POL,1993,0.266989
Poland,POL,1995,0.3464472
Poland,POL,1996,0.3265542
Poland,POL,1998,0.32318738
Poland,POL,1999,0.3259037
Poland,POL,2000,0.32965538
Poland,POL,2001,0.32849026
Poland,POL,2002,0.34050205
Poland,POL,2003,0.34911335
Poland,POL,2004,0.3542606
Poland,POL,2005,0.3449258
Poland,POL,2006,0.33709115
Poland,POL,2007,0.3350894
Poland,POL,2008,0.33717042
Poland,POL,2009,0.3357809
Poland,POL,2010,0.33218834
Poland,POL,2011,0.32776344
Poland,POL,2012,0.32391277
Poland,POL,2013,0.3254952
Poland,POL,2014,0.32080153
Poland,POL,2015,0.31823528
Poland,POL,2016,0.3079635
Poland,POL,2017,0.30296582
Poland,POL,2018,0.3114105
Poland,POL,2019,0.30239472
Portugal,PRT,2003,0.38775352
Portugal,PRT,2004,0.38938835
Portugal,PRT,2005,0.38480073
Portugal,PRT,2006,0.3806078
Portugal,PRT,2007,0.36750183
Portugal,PRT,2008,0.3663415
Portugal,PRT,2009,0.34907416
Portugal,PRT,2010,0.35844672
Portugal,PRT,2011,0.36344677
Portugal,PRT,2012,0.36034793
Portugal,PRT,2013,0.36187103
Portugal,PRT,2014,0.35562173
Portugal,PRT,2015,0.355233
Portugal,PRT,2016,0.3519052
Portugal,PRT,2017,0.3380384
Portugal,PRT,2018,0.33492562
Portugal,PRT,2019,0.32762748
Portugal,PRT,2020,0.3466863
Romania,ROU,1989,0.23307304
Romania,ROU,1992,0.25461727
Romania,ROU,1994,0.28200582
Romania,ROU,1995,0.31158027
Romania,ROU,1997,0.30504426
Romania,ROU,1998,0.3108324
Romania,ROU,1999,0.29417667
Romania,ROU,2000,0.29323864
Romania,ROU,2001,0.2942906
Romania,ROU,2002,0.30229938
Romania,ROU,2003,0.2991129
Romania,ROU,2004,0.30039373
Romania,ROU,2005,0.2981939
Romania,ROU,2006,0.30464298
Romania,ROU,2007,0.3020729
Romania,ROU,2008,0.29583812
Romania,ROU,2009,0.28189346
Romania,ROU,2010,0.2815824
Romania,ROU,2011,0.2721152
Romania,ROU,2012,0.27334237
Romania,ROU,2013,0.274507
Romania,ROU,2014,0.3601154
Romania,ROU,2015,0.3591389
Romania,ROU,2016,0.28345704
Romania,ROU,2017,0.36016828
Romania,ROU,2018,0.28782865
Romania,ROU,2019,0.348042
Romania,ROU,2020,0.3457247
Russia,RUS,1993,0.48375738
Russia,RUS,1996,0.46103463
Russia,RUS,1997,0.38409233
Russia,RUS,1998,0.3813704
Russia,RUS,1999,0.37443444
Russia,RUS,2000,0.3709283
Russia,RUS,2001,0.36925116
Russia,RUS,2002,0.3728383
Russia,RUS,2003,0.3997157
Russia,RUS,2004,0.40315843
Russia,RUS,2005,0.41265607
Russia,RUS,2006,0.4095095
Russia,RUS,2007,0.42272472
Russia,RUS,2008,0.41568586
Russia,RUS,2009,0.398456
Russia,RUS,2010,0.39548978
Russia,RUS,2011,0.39749315
Russia,RUS,2012,0.40714827
Russia,RUS,2013,0.40884423
Russia,RUS,2014,0.3988122
Russia,RUS,2015,0.37740842
Russia,RUS,2016,0.368485
Russia,RUS,2017,0.37239072
Russia,RUS,2018,0.37473005
Russia,RUS,2019,0.37691438
Russia,RUS,2020,0.3602981
Rwanda,RWA,2000,0.48547274
Rwanda,RWA,2005,0.52039415
Rwanda,RWA,2010,0.47222415
Rwanda,RWA,2013,0.4511283
Rwanda,RWA,2016,0.43710047
Rwanda (rural),,1984,0.28898594
Saint Lucia,LCA,1995,0.4258438
Saint Lucia,LCA,2016,0.5123331
Samoa,WSM,2002,0.4073552
Samoa,WSM,2008,0.4204655
Samoa,WSM,2013,0.3873181
Sao Tome and Principe,STP,2000,0.32125893
Sao Tome and Principe,STP,2010,0.3082127
Sao Tome and Principe,STP,2017,0.40749592
Senegal,SEN,1991,0.5413736
Senegal,SEN,1994,0.41440713
Senegal,SEN,2001,0.41229436
Senegal,SEN,2005,0.39222282
Senegal,SEN,2011,0.40285224
Senegal,SEN,2018,0.38314784
Serbia,SRB,2002,0.32743752
Serbia,SRB,2003,0.32828978
Serbia,SRB,2004,0.3547365
Serbia,SRB,2005,0.36460423
Serbia,SRB,2006,0.2972948
Serbia,SRB,2007,0.287067
Serbia,SRB,2008,0.2756142
Serbia,SRB,2009,0.2797415
Serbia,SRB,2010,0.29016605
Serbia,SRB,2012,0.39924657
Serbia,SRB,2013,0.29017115
Serbia,SRB,2014,0.40494144
Serbia,SRB,2015,0.28515735
Serbia,SRB,2016,0.38832498
Serbia,SRB,2017,0.36151898
Serbia,SRB,2018,0.30351058
Serbia,SRB,2019,0.28953245
Serbia,SRB,2020,0.34952334
Seychelles,SYC,1999,0.42776692
Seychelles,SYC,2006,0.42767617
Seychelles,SYC,2013,0.4682279
Seychelles,SYC,2018,0.3212532
Sierra Leone,SLE,2003,0.4016773
Sierra Leone,SLE,2011,0.3403024
Sierra Leone,SLE,2018,0.35690176
Slovakia,SVK,1992,0.20186578
Slovakia,SVK,1996,0.26277685
Slovakia,SVK,2004,0.28937387
Slovakia,SVK,2005,0.29834425
Slovakia,SVK,2006,0.2770951
Slovakia,SVK,2007,0.28004834
Slovakia,SVK,2008,0.26874396
Slovakia,SVK,2009,0.26016095
Slovakia,SVK,2010,0.2731572
Slovakia,SVK,2011,0.26538378
Slovakia,SVK,2012,0.26116297
Slovakia,SVK,2013,0.2808621
Slovakia,SVK,2014,0.26106635
Slovakia,SVK,2015,0.26491657
Slovakia,SVK,2016,0.25167745
Slovakia,SVK,2017,0.23237751
Slovakia,SVK,2018,0.24970147
Slovakia,SVK,2019,0.23232324
Slovenia,SVN,1987,0.2359837
Slovenia,SVN,1993,0.2918499
Slovenia,SVN,1997,0.241215
Slovenia,SVN,1998,0.28406683
Slovenia,SVN,1999,0.24042886
Slovenia,SVN,2002,0.2912161
Slovenia,SVN,2003,0.30866024
Slovenia,SVN,2004,0.24790739
Slovenia,SVN,2005,0.24634863
Slovenia,SVN,2006,0.24363928
Slovenia,SVN,2007,0.24354753
Slovenia,SVN,2008,0.23718019
Slovenia,SVN,2009,0.24787736
Slovenia,SVN,2010,0.24933259
Slovenia,SVN,2011,0.24868034
Slovenia,SVN,2012,0.25585502
Slovenia,SVN,2013,0.26241106
Slovenia,SVN,2014,0.25657535
Slovenia,SVN,2015,0.25408465
Slovenia,SVN,2016,0.24757937
Slovenia,SVN,2017,0.24219307
Slovenia,SVN,2018,0.24633364
Slovenia,SVN,2019,0.24384232
Slovenia,SVN,2020,0.24031529
Solomon Islands,SLB,2005,0.46096852
Solomon Islands,SLB,2012,0.37054926
South Africa,ZAF,1993,0.5933394
South Africa,ZAF,2000,0.5776966
South Africa,ZAF,2005,0.6476249
South Africa,ZAF,2008,0.63009
South Africa,ZAF,2010,0.63383186
South Africa,ZAF,2014,0.6302607
South Korea,KOR,2006,0.31702983
South Korea,KOR,2008,0.32324833
South Korea,KOR,2010,0.32021224
South Korea,KOR,2012,0.31558052
South Korea,KOR,2014,0.31192905
South Korea,KOR,2016,0.31404856
South Sudan,SSD,2009,0.4634066
South Sudan,SSD,2016,0.44144127
Spain,ESP,1980,0.34483546
Spain,ESP,1985,0.34431675
Spain,ESP,1990,0.3202374
Spain,ESP,1993,0.35660908
Spain,ESP,1994,0.35105494
Spain,ESP,1995,0.3572753
Spain,ESP,1996,0.36467546
Spain,ESP,1997,0.3532627
Spain,ESP,1998,0.34582463
Spain,ESP,1999,0.33793756
Spain,ESP,2000,0.34129852
Spain,ESP,2003,0.31804666
Spain,ESP,2004,0.33305293
Spain,ESP,2005,0.32435638
Spain,ESP,2006,0.33545226
Spain,ESP,2007,0.34138834
Spain,ESP,2008,0.34221572
Spain,ESP,2009,0.34926125
Spain,ESP,2010,0.35246837
Spain,ESP,2011,0.35698605
Spain,ESP,2012,0.3540633
Spain,ESP,2013,0.36185166
Spain,ESP,2014,0.36054415
Spain,ESP,2015,0.3618142
Spain,ESP,2016,0.35759893
Spain,ESP,2017,0.34654546
Spain,ESP,2018,0.3471895
Spain,ESP,2019,0.34305838
Spain,ESP,2020,0.3486563
Sri Lanka,LKA,1985,0.32467854
Sri Lanka,LKA,1990,0.32447433
Sri Lanka,LKA,1995,0.35399538
Sri Lanka,LKA,2002,0.40171906
Sri Lanka,LKA,2006,0.3966902
Sri Lanka,LKA,2009,0.36054152
Sri Lanka,LKA,2012,0.38713607
Sri Lanka,LKA,2016,0.39345774
Sri Lanka,LKA,2019,0.37663776
Sudan,SDN,2009,0.35395336
Sudan,SDN,2014,0.34243196
Suriname (urban),,1999,0.57851404
Sweden,SWE,1975,0.2428547
Sweden,SWE,1981,0.22923574
Sweden,SWE,1987,0.23057628
Sweden,SWE,1992,0.24908733
Sweden,SWE,1995,0.25236505
Sweden,SWE,2000,0.2723644
Sweden,SWE,2002,0.25799814
Sweden,SWE,2003,0.25269747
Sweden,SWE,2004,0.26142174
Sweden,SWE,2005,0.26825675
Sweden,SWE,2006,0.26352492
Sweden,SWE,2007,0.27116105
Sweden,SWE,2008,0.28121334
Sweden,SWE,2009,0.2734147
Sweden,SWE,2010,0.2773816
Sweden,SWE,2011,0.2760662
Sweden,SWE,2012,0.2764538
Sweden,SWE,2013,0.2882522
Sweden,SWE,2014,0.28389722
Sweden,SWE,2015,0.29210192
Sweden,SWE,2016,0.29562175
Sweden,SWE,2017,0.28774604
Sweden,SWE,2018,0.2997419
Sweden,SWE,2019,0.29305574
Sweden,SWE,2020,0.28871885
Switzerland,CHE,1982,0.36007375
Switzerland,CHE,1992,0.33856407
Switzerland,CHE,2000,0.33431056
Switzerland,CHE,2002,0.31686732
Switzerland,CHE,2006,0.33918807
Switzerland,CHE,2007,0.34255534
Switzerland,CHE,2008,0.337947
Switzerland,CHE,2009,0.32855856
Switzerland,CHE,2010,0.3255303
Switzerland,CHE,2011,0.3171362
Switzerland,CHE,2012,0.31567127
Switzerland,CHE,2013,0.3246219
Switzerland,CHE,2014,0.3252566
Switzerland,CHE,2015,0.32306957
Switzerland,CHE,2016,0.33042452
Switzerland,CHE,2017,0.32676333
Switzerland,CHE,2018,0.3314105
Syria,SYR,1996,0.3516938
Syria,SYR,2003,0.37514603
Taiwan,TWN,1981,0.29969484
Taiwan,TWN,1986,0.29707956
Taiwan,TWN,1991,0.29967803
Taiwan,TWN,1995,0.31324142
Taiwan,TWN,1997,0.30822107
Taiwan,TWN,2000,0.31111476
Taiwan,TWN,2005,0.32179585
Taiwan,TWN,2007,0.32124567
Taiwan,TWN,2010,0.33213326
Taiwan,TWN,2013,0.32487386
Taiwan,TWN,2016,0.31482714
Tajikistan,TJK,1999,0.29543138
Tajikistan,TJK,2003,0.32722694
Tajikistan,TJK,2004,0.3360195
Tajikistan,TJK,2007,0.32191613
Tajikistan,TJK,2009,0.30774954
Tajikistan,TJK,2015,0.33995718
Tanzania,TZA,1991,0.35292223
Tanzania,TZA,2000,0.3730113
Tanzania,TZA,2007,0.40279096
Tanzania,TZA,2011,0.3778315
Tanzania,TZA,2018,0.4049123
Thailand,THA,1981,0.45216823
Thailand,THA,1988,0.438386
Thailand,THA,1990,0.45265648
Thailand,THA,1992,0.47857958
Thailand,THA,1994,0.43470213
Thailand,THA,1996,0.42904922
Thailand,THA,1998,0.41455793
Thailand,THA,1999,0.43091586
Thailand,THA,2000,0.42833668
Thailand,THA,2002,0.41944495
Thailand,THA,2004,0.42540312
Thailand,THA,2006,0.41819033
Thailand,THA,2007,0.39761516
Thailand,THA,2008,0.40288273
Thailand,THA,2009,0.39601263
Thailand,THA,2010,0.3940277
Thailand,THA,2011,0.37459034
Thailand,THA,2012,0.39256668
Thailand,THA,2013,0.37847108
Thailand,THA,2014,0.37032664
Thailand,THA,2015,0.35987332
Thailand,THA,2016,0.3689063
Thailand,THA,2017,0.36528754
Thailand,THA,2018,0.36412174
Thailand,THA,2019,0.34855723
Thailand,THA,2020,0.34985816
Thailand,THA,2021,0.35115325
Togo,TGO,2006,0.42212576
Togo,TGO,2011,0.46020582
Togo,TGO,2015,0.4305614
Togo,TGO,2018,0.42534238
Tonga,TON,2000,0.37690175
Tonga,TON,2009,0.3749649
Tonga,TON,2015,0.33521304
Trinidad and Tobago,TTO,1988,0.4260131
Trinidad and Tobago,TTO,1992,0.4027297
Tunisia,TUN,1985,0.43433768
Tunisia,TUN,1990,0.40235117
Tunisia,TUN,1995,0.41657296
Tunisia,TUN,2000,0.4080948
Tunisia,TUN,2005,0.37733382
Tunisia,TUN,2010,0.35808256
Tunisia,TUN,2015,0.32815883
Turkey,TUR,1987,0.43477085
Turkey,TUR,1994,0.413152
Turkey,TUR,2002,0.41396376
Turkey,TUR,2003,0.42184338
Turkey,TUR,2004,0.4128751
Turkey,TUR,2005,0.42614657
Turkey,TUR,2006,0.39647412
Turkey,TUR,2007,0.384428
Turkey,TUR,2008,0.3902054
Turkey,TUR,2009,0.3896531
Turkey,TUR,2010,0.3878508
Turkey,TUR,2011,0.40039355
Turkey,TUR,2012,0.40168938
Turkey,TUR,2013,0.401785
Turkey,TUR,2014,0.41236562
Turkey,TUR,2015,0.42854458
Turkey,TUR,2016,0.41873705
Turkey,TUR,2017,0.41405666
Turkey,TUR,2018,0.4187752
Turkey,TUR,2019,0.41909108
Turkmenistan,TKM,1998,0.40806928
Tuvalu,TUV,2010,0.39139032
Uganda,UGA,1989,0.44362718
Uganda,UGA,1992,0.41429362
Uganda,UGA,1996,0.3904372
Uganda,UGA,1999,0.43003753
Uganda,UGA,2002,0.45172325
Uganda,UGA,2005,0.4294474
Uganda,UGA,2009,0.4419556
Uganda,UGA,2012,0.41009966
Uganda,UGA,2016,0.42753693
Uganda,UGA,2019,0.42705452
Ukraine,UKR,1992,0.29708922
Ukraine,UKR,1993,0.28926983
Ukraine,UKR,1995,0.39287537
Ukraine,UKR,1996,0.35155946
Ukraine,UKR,1999,0.28961465
Ukraine,UKR,2002,0.29045695
Ukraine,UKR,2003,0.28664893
Ukraine,UKR,2004,0.28934017
Ukraine,UKR,2005,0.29020715
Ukraine,UKR,2006,0.29794392
Ukraine,UKR,2007,0.27012688
Ukraine,UKR,2008,0.2663823
Ukraine,UKR,2009,0.25316665
Ukraine,UKR,2010,0.24818976
Ukraine,UKR,2011,0.24551843
Ukraine,UKR,2012,0.24740657
Ukraine,UKR,2013,0.24554986
Ukraine,UKR,2014,0.24025366
Ukraine,UKR,2015,0.2545754
Ukraine,UKR,2016,0.25002202
Ukraine,UKR,2017,0.26049048
Ukraine,UKR,2018,0.26071486
Ukraine,UKR,2019,0.26619467
Ukraine,UKR,2020,0.25627363
United Arab Emirates,ARE,2013,0.3251042
United Kingdom,GBR,1968,0.2684166
United Kingdom,GBR,1969,0.27904898
United Kingdom,GBR,1970,0.27964503
United Kingdom,GBR,1971,0.2929356
United Kingdom,GBR,1972,0.28776282
United Kingdom,GBR,1973,0.2881038
United Kingdom,GBR,1974,0.28957152
United Kingdom,GBR,1975,0.27880856
United Kingdom,GBR,1976,0.27589646
United Kingdom,GBR,1977,0.27141878
United Kingdom,GBR,1978,0.2723537
United Kingdom,GBR,1979,0.2743262
United Kingdom,GBR,1980,0.28477892
United Kingdom,GBR,1981,0.2968705
United Kingdom,GBR,1982,0.29903
United Kingdom,GBR,1983,0.29786685
United Kingdom,GBR,1984,0.29166204
United Kingdom,GBR,1985,0.30419374
United Kingdom,GBR,1986,0.31919184
United Kingdom,GBR,1987,0.3385342
United Kingdom,GBR,1988,0.34272873
United Kingdom,GBR,1989,0.33354205
United Kingdom,GBR,1990,0.3574197
United Kingdom,GBR,1991,0.34962818
United Kingdom,GBR,1992,0.34955472
United Kingdom,GBR,1993,0.3507596
United Kingdom,GBR,1994,0.35978922
United Kingdom,GBR,1995,0.3551664
United Kingdom,GBR,1996,0.3529524
United Kingdom,GBR,1997,0.35735163
United Kingdom,GBR,1998,0.36621472
United Kingdom,GBR,1999,0.3678378
United Kingdom,GBR,2000,0.38848642
United Kingdom,GBR,2001,0.37086216
United Kingdom,GBR,2002,0.35146394
United Kingdom,GBR,2003,0.34856063
United Kingdom,GBR,2004,0.34834158
United Kingdom,GBR,2005,0.35485032
United Kingdom,GBR,2006,0.35879987
United Kingdom,GBR,2007,0.34413147
United Kingdom,GBR,2008,0.35445124
United Kingdom,GBR,2009,0.35137364
United Kingdom,GBR,2010,0.337056
United Kingdom,GBR,2011,0.33191085
United Kingdom,GBR,2012,0.33090645
United Kingdom,GBR,2013,0.32699567
United Kingdom,GBR,2014,0.3314094
United Kingdom,GBR,2015,0.33311963
United Kingdom,GBR,2016,0.33109328
United Kingdom,GBR,2017,0.32609162
United Kingdom,GBR,2018,0.33691058
United Kingdom,GBR,2019,0.32825133
United Kingdom,GBR,2020,0.3264552
United States,USA,1963,0.3760505
United States,USA,1964,0.38144752
United States,USA,1965,0.37502176
United States,USA,1966,0.37786198
United States,USA,1967,0.3689021
United States,USA,1968,0.3632897
United States,USA,1969,0.3601636
United States,USA,1970,0.36634982
United States,USA,1971,0.3691998
United States,USA,1972,0.36664388
United States,USA,1973,0.36115494
United States,USA,1974,0.35478327
United States,USA,1975,0.35650107
United States,USA,1976,0.35562193
United States,USA,1977,0.35505962
United States,USA,1978,0.34791657
United States,USA,1979,0.34760424
United States,USA,1980,0.347184
United States,USA,1981,0.3548923
United States,USA,1982,0.36662114
United States,USA,1983,0.37293357
United States,USA,1984,0.3734555
United States,USA,1985,0.376419
United States,USA,1986,0.37557536
United States,USA,1987,0.37197286
United States,USA,1988,0.37705934
United States,USA,1989,0.3823879
United States,USA,1990,0.3826289
United States,USA,1991,0.38045916
United States,USA,1992,0.38373882
United States,USA,1993,0.40364543
United States,USA,1994,0.39986804
United States,USA,1995,0.39854994
United States,USA,1996,0.40309733
United States,USA,1997,0.40525717
United States,USA,1998,0.3995361
United States,USA,1999,0.3998582
United States,USA,2000,0.40140685
United States,USA,2001,0.4059678
United States,USA,2002,0.40354446
United States,USA,2003,0.4077259
United States,USA,2004,0.40253353
United States,USA,2005,0.4096537
United States,USA,2006,0.41398576
United States,USA,2007,0.4079857
United States,USA,2008,0.4081219
United States,USA,2009,0.40610814
United States,USA,2010,0.40010712
United States,USA,2011,0.40937114
United States,USA,2012,0.4093686
United States,USA,2013,0.40652013
United States,USA,2014,0.41511607
United States,USA,2015,0.4123878
United States,USA,2016,0.41121885
United States,USA,2017,0.4118056
United States,USA,2018,0.41407844
United States,USA,2019,0.41535568
United States,USA,2020,0.3968309
United States,USA,2021,0.39751095
Uruguay,URY,2006,0.4594159
Uruguay,URY,2007,0.46405134
Uruguay,URY,2008,0.4508178
Uruguay,URY,2009,0.45541683
Uruguay,URY,2010,0.44475016
Uruguay,URY,2011,0.42175317
Uruguay,URY,2012,0.3990057
Uruguay,URY,2013,0.4045091
Uruguay,URY,2014,0.40111083
Uruguay,URY,2015,0.4012877
Uruguay,URY,2016,0.396955
Uruguay,URY,2017,0.3946453
Uruguay,URY,2018,0.3968724
Uruguay,URY,2019,0.39676544
Uruguay,URY,2020,0.40156105
Uruguay,URY,2021,0.40777358
Uruguay (urban),,1981,0.4364543
Uruguay (urban),,1989,0.4236936
Uruguay (urban),,1992,0.41468138
Uruguay (urban),,1995,0.4092668
Uruguay (urban),,1996,0.40751395
Uruguay (urban),,1997,0.41456774
Uruguay (urban),,1998,0.424824
Uruguay (urban),,2000,0.42905605
Uruguay (urban),,2001,0.45007685
Uruguay (urban),,2002,0.45544374
Uruguay (urban),,2003,0.45033833
Uruguay (urban),,2004,0.45881155
Uruguay (urban),,2005,0.44727802
Uzbekistan,UZB,1998,0.44673175
Uzbekistan,UZB,2000,0.36102813
Uzbekistan,UZB,2002,0.3304368
Uzbekistan,UZB,2003,0.35268798
Vanuatu,VUT,2010,0.37351298
Vanuatu,VUT,2019,0.32317576
Venezuela,VEN,1981,0.55609864
Venezuela,VEN,1987,0.5344797
Venezuela,VEN,1989,0.43838274
Venezuela,VEN,1992,0.4210355
Venezuela,VEN,1995,0.47212258
Venezuela,VEN,1998,0.48063782
Venezuela,VEN,1999,0.4776229
Venezuela,VEN,2001,0.4723142
Venezuela,VEN,2002,0.49013415
Venezuela,VEN,2003,0.4810232
Venezuela,VEN,2004,0.47504124
Venezuela,VEN,2005,0.49459177
Venezuela,VEN,2006,0.44770497
Vietnam,VNM,1992,0.3565456
Vietnam,VNM,1997,0.35442206
Vietnam,VNM,2002,0.37029624
Vietnam,VNM,2004,0.36785832
Vietnam,VNM,2006,0.35788617
Vietnam,VNM,2008,0.35570312
Vietnam,VNM,2010,0.39252725
Vietnam,VNM,2012,0.35645887
Vietnam,VNM,2014,0.34755376
Vietnam,VNM,2016,0.3526674
Vietnam,VNM,2018,0.35715547
Vietnam,VNM,2020,0.36813417
Yemen,YEM,1998,0.34997785
Yemen,YEM,2005,0.34732336
Yemen,YEM,2014,0.36707094
Zambia,ZMB,1991,0.6050619
Zambia,ZMB,1993,0.5260861
Zambia,ZMB,1996,0.48333684
Zambia,ZMB,1998,0.49133778
Zambia,ZMB,2002,0.42061925
Zambia,ZMB,2004,0.5429478
Zambia,ZMB,2006,0.54617506
Zambia,ZMB,2010,0.52034676
Zambia,ZMB,2015,0.55936635
Zimbabwe,ZWE,2011,0.43153575
Zimbabwe,ZWE,2017,0.44337082
Zimbabwe,ZWE,2019,0.5025645